Variant,Group,Rank,Feature,Mean_SHAP,Share
with_SP,rural_hadza,1,RelationWithAdultFamily_1_Very Close to Most,0.5047198534011841,0.2451919369131494
with_SP,rural_hadza,2,Education_Years,0.18434520065784454,0.08955454497252009
with_SP,rural_hadza,3,ShareHomeWith_6+,0.1354130655527115,0.06578340757248823
with_SP,rural_hadza,4,UPF.Freq_several days a week,0.1326236128807068,0.06442829681358422
with_SP,rural_hadza,5,UPF.Freq_several times a day,0.09149691462516785,0.044449025667095625
with_SP,rural_hadza,6,ShareHomeWith_2,0.08877365291118622,0.04312607034866905
with_SP,rural_hadza,7,Smartphone.ownership_No,0.07832659780979156,0.03805091101406431
with_SP,rural_hadza,8,AgeOfFirstSP_Above 25,0.06901028007268906,0.033525061722689604
with_SP,rural_hadza,9,Smartphone.ownership_Yes,0.068573959171772,0.03331309786572893
with_SP,rural_hadza,10,UPF.Freq_a few times a month,0.06498096138238907,0.03156762642970993
with_SP,rural_hadza,11,UPF.Freq_rarely/never,0.05963977053761482,0.0289728861597804
with_SP,rural_hadza,12,Exercise.Freq_once a day,0.05634864792227745,0.027374065104425922
with_SP,rural_hadza,13,Exercise.Freq_rarely/never,0.054050151258707047,0.02625745983294421
with_SP,rural_hadza,14,ShareHomeWith_4,0.046304889023303986,0.022494826291581935
with_SP,rural_hadza,15,RelationWithAdultFamily_2_Very Close to Some,0.044224005192518234,0.021483936916964725
with_SP,rural_hadza,16,AgeOfFirstSP_Missing,0.039168935269117355,0.0190281936419625
with_SP,rural_hadza,17,ShareHomeWith_3,0.035312484949827194,0.017154737472120717
with_SP,rural_hadza,18,Exercise.Freq_several days a week,0.03391795977950096,0.016477279818568412
with_SP,rural_hadza,19,ShareHomeWith_5,0.03348276764154434,0.01626586431248936
with_SP,rural_hadza,20,Exercise.Freq_a few times a month,0.03338077664375305,0.016216317281343994
with_SP,rural_hadza,21,RelationWithAdultFamily_4_Dont Get Along,0.03304901719093323,0.016055149175358115
with_SP,rural_hadza,22,ShareHomeWith_1,0.02950092777609825,0.014331494141576579
with_SP,rural_hadza,23,RelationWithAdultFamily_6_Prefer Not to Say,0.028799284249544144,0.013990637061873736
with_SP,rural_hadza,24,ShareHomeWith_0,0.022580772638320923,0.010969696045985506
with_SP,rural_hadza,25,UPF.Freq_once a day,0.019296113401651382,0.009374014887593448
with_SP,rural_hadza,26,RelationWithAdultFamily_3_Not Close,0.016794638708233833,0.008158803278450045
with_SP,rural_hadza,27,RelationWithAdultFamily_5_Dont Have Family,0.015525891445577145,0.007542448291247317
with_SP,rural_hadza,28,AgeOfFirstSP_Do not Own,0.008948764763772488,0.004347292761763927
with_SP,rural_hadza,29,AgeOfFirstSP_18,0.007973423227667809,0.003873473713874674
with_SP,rural_hadza,30,Exercise.Freq_Missing,0.007053306791931391,0.0034264829138426606
with_SP,rural_hadza,31,UPF.Freq_Missing,0.006656191311776638,0.0032335649751065684
with_SP,rural_hadza,32,AgeOfFirstSP_17,0.004556332714855671,0.0022134576954875728
with_SP,rural_hadza,33,ShareHomeWith_Missing,0.002822015667334199,0.0013709297995910831
with_SP,rural_hadza,34,AgeOfFirstSP_19,0.00044622315908782184,0.00021677435499110637
with_SP,rural_hadza,35,RelationWithAdultFamily_Missing,0.0003710075397975743,0.000180234751376111
with_SP,rural_hadza,36,Smartphone.ownership_Missing,0.0,0.0
with_SP,rural_hadza,37,AgeOfFirstSP_20,0.0,0.0
with_SP,rural_hadza,38,AgeOfFirstSP_≤10,0.0,0.0
with_SP,rural_hadza,39,AgeOfFirstSP_21-25,0.0,0.0
with_SP,rural_hadza,40,AgeOfFirstSP_16,0.0,0.0
with_SP,rural_hadza,41,AgeOfFirstSP_15,0.0,0.0
with_SP,rural_hadza,42,AgeOfFirstSP_14,0.0,0.0
with_SP,rural_hadza,43,AgeOfFirstSP_13,0.0,0.0
with_SP,rural_hadza,44,AgeOfFirstSP_12,0.0,0.0
with_SP,rural_hadza,45,AgeOfFirstSP_11,0.0,0.0
with_SP,gm,1,RelationWithAdultFamily_1_Very Close to Most,0.31425103545188904,0.1300536357442389
with_SP,gm,2,Education_Years,0.2924625873565674,0.12103642793155359
with_SP,gm,3,UPF.Freq_several times a day,0.2824820578098297,0.11690595895047443
with_SP,gm,4,Exercise.Freq_rarely/never,0.2505280375480652,0.10368170177114118
with_SP,gm,5,UPF.Freq_rarely/never,0.14728763699531555,0.06095538448703401
with_SP,gm,6,AgeOfFirstSP_Above 25,0.1149325892329216,0.04756516099858332
with_SP,gm,7,UPF.Freq_a few times a month,0.10790175199508667,0.044655430108463776
with_SP,gm,8,Exercise.Freq_a few times a month,0.07833200693130493,0.03241791162886648
with_SP,gm,9,Exercise.Freq_several days a week,0.06843173503875732,0.028320657493710464
with_SP,gm,10,RelationWithAdultFamily_2_Very Close to Some,0.06642820686101913,0.02749149197176973
with_SP,gm,11,RelationWithAdultFamily_4_Dont Get Along,0.05805974453687668,0.024028181344078792
with_SP,gm,12,UPF.Freq_several days a week,0.055272117257118225,0.022874514301069435
with_SP,gm,13,Exercise.Freq_once a week,0.052607957273721695,0.021771944530545716
with_SP,gm,14,ShareHomeWith_3,0.048351019620895386,0.02001019944006258
with_SP,gm,15,UPF.Freq_once a day,0.04481548070907593,0.018547007157700964
with_SP,gm,16,Exercise.Freq_once a day,0.04387752711772919,0.018158832542656028
with_SP,gm,17,AgeOfFirstSP_≤10,0.040687624365091324,0.01683868271385897
with_SP,gm,18,RelationWithAdultFamily_3_Not Close,0.03841732069849968,0.015899111438750398
with_SP,gm,19,ShareHomeWith_6+,0.03671736270189285,0.015195579252282687
with_SP,gm,20,ShareHomeWith_2,0.03510374575853348,0.014527779542790492
with_SP,gm,21,ShareHomeWith_5,0.030182845890522003,0.012491251904789388
with_SP,gm,22,ShareHomeWith_4,0.029447732493281364,0.01218702324931983
with_SP,gm,23,ShareHomeWith_1,0.025524767115712166,0.010563493482686
with_SP,gm,24,ShareHomeWith_0,0.022856906056404114,0.009459392011947622
with_SP,gm,25,RelationWithAdultFamily_6_Prefer Not to Say,0.020886212587356567,0.008643815222459848
with_SP,gm,26,AgeOfFirstSP_19,0.01977723091840744,0.008184860177767152
with_SP,gm,27,AgeOfFirstSP_17,0.0197368822991848,0.00816816179324276
with_SP,gm,28,RelationWithAdultFamily_5_Dont Have Family,0.018204376101493835,0.007533929983875173
with_SP,gm,29,AgeOfFirstSP_15,0.012954393401741982,0.005361210531367227
with_SP,gm,30,Smartphone.ownership_No,0.010545158758759499,0.004364142298225907
with_SP,gm,31,AgeOfFirstSP_21-25,0.008565466850996017,0.0035448414806872916
with_SP,gm,32,AgeOfFirstSP_20,0.007333831395953894,0.003035125836920507
with_SP,gm,33,AgeOfFirstSP_16,0.006072706077247858,0.0025132057338061865
with_SP,gm,34,AgeOfFirstSP_18,0.005709218326956034,0.0023627753512746926
with_SP,gm,35,Smartphone.ownership_Yes,0.0014800223289057612,0.0006125112191915704
with_SP,gm,36,AgeOfFirstSP_Do not Own,9.34302806854248e-05,3.8666372806922735e-05
with_SP,gm,37,AgeOfFirstSP_Missing,0.0,0.0
with_SP,gm,38,AgeOfFirstSP_14,0.0,0.0
with_SP,gm,39,AgeOfFirstSP_12,0.0,0.0
with_SP,gm,40,AgeOfFirstSP_13,0.0,0.0
with_SP,age_18_24,1,RelationWithAdultFamily_1_Very Close to Most,0.5785939693450928,0.1908575745234416
with_SP,age_18_24,2,Education_Years,0.29460495710372925,0.0971796986046087
with_SP,age_18_24,3,AgeOfFirstSP_Missing,0.18257063627243042,0.06022356032780359
with_SP,age_18_24,4,Exercise.Freq_rarely/never,0.15649735927581787,0.05162291346471247
with_SP,age_18_24,5,UPF.Freq_a few times a month,0.14973144233226776,0.04939107807462938
with_SP,age_18_24,6,Exercise.Freq_once a day,0.13643035292625427,0.04500352169303656
with_SP,age_18_24,7,UPF.Freq_several times a day,0.128379225730896,0.04234774114553951
with_SP,age_18_24,8,AgeOfFirstSP_≤10,0.10496415942907333,0.034623943459348945
with_SP,age_18_24,9,RelationWithAdultFamily_4_Dont Get Along,0.09951368719339371,0.03282602649853678
with_SP,age_18_24,10,Exercise.Freq_several days a week,0.09063156694173813,0.029896130893549172
with_SP,age_18_24,11,ShareHomeWith_5,0.08105336874723434,0.026736623929145477
with_SP,age_18_24,12,ShareHomeWith_4,0.07579275965690613,0.025001336068070007
with_SP,age_18_24,13,ShareHomeWith_6+,0.07406998425722122,0.02443305372906691
with_SP,age_18_24,14,AgeOfFirstSP_19,0.07378765195608139,0.0243399223432245
with_SP,age_18_24,15,RelationWithAdultFamily_3_Not Close,0.07037115842103958,0.023212942623385448
with_SP,age_18_24,16,UPF.Freq_rarely/never,0.059863071888685226,0.019746698565021578
with_SP,age_18_24,17,AgeOfFirstSP_21-25,0.05267849564552307,0.01737676236036193
with_SP,age_18_24,18,UPF.Freq_several days a week,0.05156106874346733,0.01700816296331844
with_SP,age_18_24,19,ShareHomeWith_2,0.04596018046140671,0.015160629097901869
with_SP,age_18_24,20,AgeOfFirstSP_20,0.04572175815701485,0.015081982058458947
with_SP,age_18_24,21,AgeOfFirstSP_16,0.044488705694675446,0.014675241900955002
with_SP,age_18_24,22,RelationWithAdultFamily_5_Dont Have Family,0.0376097671687603,0.012406124710124125
with_SP,age_18_24,23,AgeOfFirstSP_17,0.037601131945848465,0.01240327625717138
with_SP,age_18_24,24,Smartphone.ownership_No,0.03724996745586395,0.012287439580039975
with_SP,age_18_24,25,ShareHomeWith_1,0.037230320274829865,0.012280958673710042
with_SP,age_18_24,26,AgeOfFirstSP_18,0.036044828593730927,0.011889907126580432
with_SP,age_18_24,27,ShareHomeWith_3,0.03134247288107872,0.010338767202189063
with_SP,age_18_24,28,UPF.Freq_once a day,0.03004019893705845,0.0099091933395335
with_SP,age_18_24,29,Exercise.Freq_once a week,0.024515733122825623,0.00808686852851689
with_SP,age_18_24,30,AgeOfFirstSP_Do not Own,0.024222925305366516,0.007990281642371148
with_SP,age_18_24,31,Exercise.Freq_a few times a month,0.022833630442619324,0.0075320026732662035
with_SP,age_18_24,32,RelationWithAdultFamily_2_Very Close to Some,0.021425528451800346,0.007067519901429621
with_SP,age_18_24,33,AgeOfFirstSP_15,0.019854357466101646,0.006549246467243156
with_SP,age_18_24,34,ShareHomeWith_0,0.015780139714479446,0.005205306918348241
with_SP,age_18_24,35,Smartphone.ownership_Yes,0.015298761427402496,0.005046517340220166
with_SP,age_18_24,36,UPF.Freq_Missing,0.01347475778311491,0.004444843403202316
with_SP,age_18_24,37,RelationWithAdultFamily_6_Prefer Not to Say,0.010739271529018879,0.0035425037673607394
with_SP,age_18_24,38,AgeOfFirstSP_13,0.00737061258405447,0.0024313029776941338
with_SP,age_18_24,39,ShareHomeWith_Missing,0.006148250307887793,0.0020280891324440825
with_SP,age_18_24,40,Exercise.Freq_Missing,0.003587016835808754,0.0011832292926110418
with_SP,age_18_24,41,Smartphone.ownership_Missing,0.0012652628356590867,0.0004173652141965473
with_SP,age_18_24,42,AgeOfFirstSP_14,0.00040879016160033643,0.0001348453369128564
with_SP,age_18_24,43,RelationWithAdultFamily_Missing,0.00023908667208161205,7.886619071752157e-05
with_SP,age_18_24,44,AgeOfFirstSP_12,0.0,0.0
with_SP,age_18_24,45,AgeOfFirstSP_11,0.0,0.0
no_SP,rural_hadza,1,RelationWithAdultFamily_1_Very Close to Most,0.5135854482650757,0.28326226930481774
no_SP,rural_hadza,2,Education_Years,0.19925232231616974,0.1098953741275057
no_SP,rural_hadza,3,UPF.Freq_several days a week,0.1395512819290161,0.07696793773488532
no_SP,rural_hadza,4,ShareHomeWith_6+,0.127195805311203,0.07015341377022269
no_SP,rural_hadza,5,ShareHomeWith_2,0.08952664583921432,0.0493774131438705
no_SP,rural_hadza,6,UPF.Freq_several times a day,0.08468465507030487,0.04670686767225041
no_SP,rural_hadza,7,UPF.Freq_rarely/never,0.07375717908143997,0.0406799413704324
no_SP,rural_hadza,8,Exercise.Freq_rarely/never,0.06879649311304092,0.03794393089843781
no_SP,rural_hadza,9,RelationWithAdultFamily_2_Very Close to Some,0.05237141251564026,0.02888486269615318
no_SP,rural_hadza,10,ShareHomeWith_4,0.04745935648679733,0.026175673519585392
no_SP,rural_hadza,11,Exercise.Freq_once a day,0.04711953178048134,0.025988247030376863
no_SP,rural_hadza,12,UPF.Freq_a few times a month,0.0469767227768898,0.02590948233295183
no_SP,rural_hadza,13,ShareHomeWith_3,0.044793687760829926,0.024705453958102235
no_SP,rural_hadza,14,ShareHomeWith_5,0.040494099259376526,0.022334064347838214
no_SP,rural_hadza,15,ShareHomeWith_1,0.0382736474275589,0.02110939914969562
no_SP,rural_hadza,16,RelationWithAdultFamily_4_Dont Get Along,0.03183276578783989,0.017557003427126613
no_SP,rural_hadza,17,Exercise.Freq_a few times a month,0.027919532731175423,0.0153987038107845
no_SP,rural_hadza,18,RelationWithAdultFamily_6_Prefer Not to Say,0.026384353637695312,0.014551993073014441
no_SP,rural_hadza,19,UPF.Freq_once a day,0.020020661875605583,0.011042170558036284
no_SP,rural_hadza,20,Exercise.Freq_several days a week,0.018986131995916367,0.010471587255151972
no_SP,rural_hadza,21,ShareHomeWith_0,0.017510710284113884,0.009657835028178702
no_SP,rural_hadza,22,RelationWithAdultFamily_3_Not Close,0.017064370214939117,0.009411661190303804
no_SP,rural_hadza,23,RelationWithAdultFamily_5_Dont Have Family,0.016156068071722984,0.008910697373725733
no_SP,rural_hadza,24,Exercise.Freq_Missing,0.009503945708274841,0.005241794209259299
no_SP,rural_hadza,25,ShareHomeWith_Missing,0.007792660966515541,0.004297954384718049
no_SP,rural_hadza,26,UPF.Freq_Missing,0.005492974538356066,0.003029588237409041
no_SP,rural_hadza,27,RelationWithAdultFamily_Missing,0.0006068121292628348,0.00033468039516564214
no_SP,gm,1,Education_Years,0.33201539516448975,0.14254518589441406
no_SP,gm,2,RelationWithAdultFamily_1_Very Close to Most,0.32138243317604065,0.13798010377675865
no_SP,gm,3,UPF.Freq_several times a day,0.30189409852027893,0.129613117405835
no_SP,gm,4,Exercise.Freq_rarely/never,0.23711368441581726,0.1018007439276029
no_SP,gm,5,UPF.Freq_rarely/never,0.1618834286928177,0.06950190796065488
no_SP,gm,6,UPF.Freq_a few times a month,0.09880455583333969,0.0424200623934946
no_SP,gm,7,RelationWithAdultFamily_2_Very Close to Some,0.08733852952718735,0.037497318222336554
no_SP,gm,8,Exercise.Freq_several days a week,0.08599060028791428,0.03691860763607141
no_SP,gm,9,Exercise.Freq_a few times a month,0.07074055075645447,0.030371257190818745
no_SP,gm,10,UPF.Freq_several days a week,0.06571155786514282,0.028212144279206458
no_SP,gm,11,Exercise.Freq_once a week,0.05979705974459648,0.02567285469702382
no_SP,gm,12,ShareHomeWith_3,0.05560208112001419,0.023871811683437286
no_SP,gm,13,RelationWithAdultFamily_4_Dont Get Along,0.05542321130633354,0.02379501695881503
no_SP,gm,14,Exercise.Freq_once a day,0.05083440616726875,0.021824891202275435
no_SP,gm,15,ShareHomeWith_6+,0.04737178236246109,0.020338272325177285
no_SP,gm,16,UPF.Freq_once a day,0.04558348283171654,0.019570496213715392
no_SP,gm,17,RelationWithAdultFamily_3_Not Close,0.04334124177694321,0.018607827998241823
no_SP,gm,18,ShareHomeWith_2,0.037506867200136185,0.016102938102348374
no_SP,gm,19,ShareHomeWith_1,0.033560946583747864,0.014408823925778311
no_SP,gm,20,ShareHomeWith_5,0.03330867365002632,0.014300514814944307
no_SP,gm,21,ShareHomeWith_0,0.031109347939491272,0.013356271575575045
no_SP,gm,22,ShareHomeWith_4,0.029750436544418335,0.012772845986744318
no_SP,gm,23,RelationWithAdultFamily_6_Prefer Not to Say,0.02260955236852169,0.00970702832548987
no_SP,gm,24,RelationWithAdultFamily_5_Dont Have Family,0.020520100370049477,0.008809957503240444
no_SP,age_18_24,1,RelationWithAdultFamily_1_Very Close to Most,0.6090672016143799,0.25207752360714114
no_SP,age_18_24,2,Education_Years,0.2922341227531433,0.12094831864507091
no_SP,age_18_24,3,Exercise.Freq_rarely/never,0.19276554882526398,0.07978078946928598
no_SP,age_18_24,4,UPF.Freq_a few times a month,0.13471436500549316,0.05575487144092424
no_SP,age_18_24,5,UPF.Freq_several times a day,0.13218162953853607,0.054706636233429445
no_SP,age_18_24,6,Exercise.Freq_once a day,0.11867222189903259,0.049115433794455376
no_SP,age_18_24,7,ShareHomeWith_6+,0.09137262403964996,0.03781682010187149
no_SP,age_18_24,8,RelationWithAdultFamily_4_Dont Get Along,0.08741514384746552,0.0361789190559344
no_SP,age_18_24,9,ShareHomeWith_4,0.08013558387756348,0.03316609313902616
no_SP,age_18_24,10,Exercise.Freq_several days a week,0.07869553565979004,0.032570093571738616
no_SP,age_18_24,11,UPF.Freq_rarely/never,0.06924501806497574,0.02865876315402423
no_SP,age_18_24,12,RelationWithAdultFamily_3_Not Close,0.06720050424337387,0.027812590548170677
no_SP,age_18_24,13,ShareHomeWith_2,0.05970853194594383,0.0247118525365626
no_SP,age_18_24,14,ShareHomeWith_5,0.056809790432453156,0.02351213667538809
no_SP,age_18_24,15,UPF.Freq_several days a week,0.05282553657889366,0.021863154687578854
no_SP,age_18_24,16,Exercise.Freq_once a week,0.052797604352235794,0.021851594244813123
no_SP,age_18_24,17,RelationWithAdultFamily_2_Very Close to Some,0.046909987926483154,0.01941485858638555
no_SP,age_18_24,18,ShareHomeWith_1,0.03410596773028374,0.014115598185039442
no_SP,age_18_24,19,ShareHomeWith_3,0.02946527861058712,0.012194934228709098
no_SP,age_18_24,20,RelationWithAdultFamily_5_Dont Have Family,0.029221082106232643,0.012093867466407603
no_SP,age_18_24,21,Exercise.Freq_a few times a month,0.025630807504057884,0.010607943534882508
no_SP,age_18_24,22,RelationWithAdultFamily_6_Prefer Not to Say,0.019498687237501144,0.008070013915363343
no_SP,age_18_24,23,ShareHomeWith_0,0.018611904233694077,0.007702996839112837
no_SP,age_18_24,24,UPF.Freq_once a day,0.018606923520565033,0.007700935447811451
no_SP,age_18_24,25,ShareHomeWith_Missing,0.012905560433864594,0.005341285339791776
no_SP,age_18_24,26,UPF.Freq_Missing,0.004699734039604664,0.0019451011566139127
no_SP,age_18_24,27,RelationWithAdultFamily_Missing,0.0006931430543772876,0.00028687439446713333
no_SP,age_18_24,28,Exercise.Freq_Missing,0.0,0.0
noAgeSP_keepPhone,rural_hadza,1,RelationWithAdultFamily_1_Very Close to Most,0.5130404233932495,0.2591369003351326
noAgeSP_keepPhone,rural_hadza,2,Education_Years,0.21308836340904236,0.10763100814958527
noAgeSP_keepPhone,rural_hadza,3,UPF.Freq_several days a week,0.1441882848739624,0.07282955397500425
noAgeSP_keepPhone,rural_hadza,4,ShareHomeWith_6+,0.13692881166934967,0.069162791477291
noAgeSP_keepPhone,rural_hadza,5,Smartphone.ownership_No,0.11172227561473846,0.05643096115059777
noAgeSP_keepPhone,rural_hadza,6,UPF.Freq_several times a day,0.09613092243671417,0.048555763114815284
noAgeSP_keepPhone,rural_hadza,7,ShareHomeWith_2,0.08606863766908646,0.04347329949971377
noAgeSP_keepPhone,rural_hadza,8,UPF.Freq_rarely/never,0.06736581772565842,0.03402649849403338
noAgeSP_keepPhone,rural_hadza,9,Exercise.Freq_rarely/never,0.060582391917705536,0.030600187705694473
noAgeSP_keepPhone,rural_hadza,10,UPF.Freq_a few times a month,0.05890844017267227,0.0297546740838838
noAgeSP_keepPhone,rural_hadza,11,Smartphone.ownership_Yes,0.0554310604929924,0.027998248370836424
noAgeSP_keepPhone,rural_hadza,12,ShareHomeWith_4,0.04602415859699249,0.023246818877301952
noAgeSP_keepPhone,rural_hadza,13,Exercise.Freq_once a day,0.04461217299103737,0.02253362444551627
noAgeSP_keepPhone,rural_hadza,14,RelationWithAdultFamily_2_Very Close to Some,0.04384758695960045,0.022147431769088052
noAgeSP_keepPhone,rural_hadza,15,ShareHomeWith_5,0.03438109531998634,0.017365903474859057
noAgeSP_keepPhone,rural_hadza,16,ShareHomeWith_3,0.0332677960395813,0.016803575612346047
noAgeSP_keepPhone,rural_hadza,17,ShareHomeWith_1,0.032933495938777924,0.01663472051252576
noAgeSP_keepPhone,rural_hadza,18,RelationWithAdultFamily_4_Dont Get Along,0.03171147406101227,0.01601747682741524
noAgeSP_keepPhone,rural_hadza,19,Exercise.Freq_several days a week,0.027003273367881775,0.013639362982693172
noAgeSP_keepPhone,rural_hadza,20,RelationWithAdultFamily_6_Prefer Not to Say,0.026807790622115135,0.013540624578276764
noAgeSP_keepPhone,rural_hadza,21,Exercise.Freq_a few times a month,0.026235762983560562,0.013251693214582961
noAgeSP_keepPhone,rural_hadza,22,RelationWithAdultFamily_3_Not Close,0.0224766805768013,0.011352979353891214
noAgeSP_keepPhone,rural_hadza,23,RelationWithAdultFamily_5_Dont Have Family,0.01766538806259632,0.008922793793676526
noAgeSP_keepPhone,rural_hadza,24,ShareHomeWith_0,0.017488650977611542,0.008833523829188528
noAgeSP_keepPhone,rural_hadza,25,UPF.Freq_once a day,0.017410343512892723,0.008793970700906503
noAgeSP_keepPhone,rural_hadza,26,Exercise.Freq_Missing,0.0072202300652861595,0.0036469407740813233
noAgeSP_keepPhone,rural_hadza,27,ShareHomeWith_Missing,0.0035705934278666973,0.0018035080104109908
noAgeSP_keepPhone,rural_hadza,28,UPF.Freq_Missing,0.0024839057587087154,0.0012546216822041387
noAgeSP_keepPhone,rural_hadza,29,RelationWithAdultFamily_Missing,0.0012087562354281545,0.0006105432044474981
noAgeSP_keepPhone,rural_hadza,30,Smartphone.ownership_Missing,0.0,0.0
noAgeSP_keepPhone,gm,1,Education_Years,0.326777845621109,0.14176832044743135
noAgeSP_keepPhone,gm,2,RelationWithAdultFamily_1_Very Close to Most,0.31171220541000366,0.13523228828425302
noAgeSP_keepPhone,gm,3,UPF.Freq_several times a day,0.2913864552974701,0.12641422581795855
noAgeSP_keepPhone,gm,4,Exercise.Freq_rarely/never,0.24819828569889069,0.10767759985253567
noAgeSP_keepPhone,gm,5,UPF.Freq_rarely/never,0.16884055733680725,0.07324928099563055
noAgeSP_keepPhone,gm,6,UPF.Freq_a few times a month,0.1162828803062439,0.050447816027651124
noAgeSP_keepPhone,gm,7,RelationWithAdultFamily_2_Very Close to Some,0.08615092188119888,0.03737545755857835
noAgeSP_keepPhone,gm,8,Exercise.Freq_several days a week,0.07791110873222351,0.033800721735497696
noAgeSP_keepPhone,gm,9,Exercise.Freq_a few times a month,0.0713624581694603,0.03095967481655658
noAgeSP_keepPhone,gm,10,RelationWithAdultFamily_4_Dont Get Along,0.057836420834064484,0.025091579347282685
noAgeSP_keepPhone,gm,11,UPF.Freq_several days a week,0.05687201768159866,0.02467318557612779
noAgeSP_keepPhone,gm,12,Exercise.Freq_once a week,0.05394016578793526,0.02340123974401281
noAgeSP_keepPhone,gm,13,ShareHomeWith_6+,0.05195578932762146,0.02254034381216224
noAgeSP_keepPhone,gm,14,ShareHomeWith_3,0.05103796720504761,0.022142158615306332
noAgeSP_keepPhone,gm,15,Exercise.Freq_once a day,0.044346995651721954,0.01923936758467949
noAgeSP_keepPhone,gm,16,UPF.Freq_once a day,0.04073841869831085,0.01767383338232855
noAgeSP_keepPhone,gm,17,RelationWithAdultFamily_3_Not Close,0.04004137963056564,0.017371432043790262
noAgeSP_keepPhone,gm,18,ShareHomeWith_2,0.03970828652381897,0.017226923929397325
noAgeSP_keepPhone,gm,19,ShareHomeWith_1,0.030008463189005852,0.013018781666265798
noAgeSP_keepPhone,gm,20,ShareHomeWith_5,0.029492570087313652,0.012794968150333264
noAgeSP_keepPhone,gm,21,ShareHomeWith_0,0.02826531231403351,0.012262538318857744
noAgeSP_keepPhone,gm,22,ShareHomeWith_4,0.02606596238911152,0.011308378943886232
noAgeSP_keepPhone,gm,23,RelationWithAdultFamily_6_Prefer Not to Say,0.02285999432206154,0.009917511373259181
noAgeSP_keepPhone,gm,24,RelationWithAdultFamily_5_Dont Have Family,0.02117387391626835,0.009186009953549715
noAgeSP_keepPhone,gm,25,Smartphone.ownership_No,0.010362425819039345,0.004495603737560746
noAgeSP_keepPhone,gm,26,Smartphone.ownership_Yes,0.0016844074707478285,0.0007307582851069507
noAgeSP_keepPhone,age_18_24,1,RelationWithAdultFamily_1_Very Close to Most,0.5508307218551636,0.21260213209887185
noAgeSP_keepPhone,age_18_24,2,Education_Years,0.3135623335838318,0.12102451446662245
noAgeSP_keepPhone,age_18_24,3,UPF.Freq_a few times a month,0.15829682350158691,0.061097249745930636
noAgeSP_keepPhone,age_18_24,4,Exercise.Freq_rarely/never,0.15725551545619965,0.060695339863570716
noAgeSP_keepPhone,age_18_24,5,Exercise.Freq_once a day,0.14242608845233917,0.05497167981024798
noAgeSP_keepPhone,age_18_24,6,UPF.Freq_several times a day,0.1365799754858017,0.05271527683223192
noAgeSP_keepPhone,age_18_24,7,RelationWithAdultFamily_4_Dont Get Along,0.10041814297437668,0.038758025743116424
noAgeSP_keepPhone,age_18_24,8,ShareHomeWith_6+,0.0972905308008194,0.03755087263764475
noAgeSP_keepPhone,age_18_24,9,Smartphone.ownership_No,0.09412515163421631,0.03632914274310536
noAgeSP_keepPhone,age_18_24,10,Exercise.Freq_several days a week,0.0920056477189064,0.03551108551879302
noAgeSP_keepPhone,age_18_24,11,Smartphone.ownership_Yes,0.08679807186126709,0.03350113638837425
noAgeSP_keepPhone,age_18_24,12,ShareHomeWith_4,0.07604222744703293,0.029349742204534235
noAgeSP_keepPhone,age_18_24,13,RelationWithAdultFamily_3_Not Close,0.07084813714027405,0.027344998043184823
noAgeSP_keepPhone,age_18_24,14,ShareHomeWith_5,0.06509208679199219,0.025123356206666215
noAgeSP_keepPhone,age_18_24,15,ShareHomeWith_2,0.06408026069402695,0.0247328253644209
noAgeSP_keepPhone,age_18_24,16,UPF.Freq_several days a week,0.061067622154951096,0.023570048214857392
noAgeSP_keepPhone,age_18_24,17,UPF.Freq_rarely/never,0.05275977775454521,0.02036349970078161
noAgeSP_keepPhone,age_18_24,18,Exercise.Freq_a few times a month,0.043611954897642136,0.016832747754175828
noAgeSP_keepPhone,age_18_24,19,RelationWithAdultFamily_2_Very Close to Some,0.043397702276706696,0.01675005344862723
noAgeSP_keepPhone,age_18_24,20,Exercise.Freq_once a week,0.03849082812666893,0.014856165063597803
noAgeSP_keepPhone,age_18_24,21,ShareHomeWith_1,0.033394742757081985,0.012889247511717076
noAgeSP_keepPhone,age_18_24,22,RelationWithAdultFamily_5_Dont Have Family,0.02339502051472664,0.009029691054950922
noAgeSP_keepPhone,age_18_24,23,ShareHomeWith_0,0.02215402014553547,0.008550706652016868
noAgeSP_keepPhone,age_18_24,24,ShareHomeWith_3,0.021479131653904915,0.008290222393320463
noAgeSP_keepPhone,age_18_24,25,RelationWithAdultFamily_6_Prefer Not to Say,0.014750679023563862,0.005693265981523039
noAgeSP_keepPhone,age_18_24,26,UPF.Freq_once a day,0.014234266243875027,0.005493948017493757
noAgeSP_keepPhone,age_18_24,27,UPF.Freq_Missing,0.009058601222932339,0.003496315396756786
noAgeSP_keepPhone,age_18_24,28,ShareHomeWith_Missing,0.004970706067979336,0.001918525358444112
noAgeSP_keepPhone,age_18_24,29,Exercise.Freq_Missing,0.001923764473758638,0.0007425083833372185
noAgeSP_keepPhone,age_18_24,30,RelationWithAdultFamily_Missing,0.0005587984342128038,0.00021567740108437746
noAgeSP_keepPhone,age_18_24,31,Smartphone.ownership_Missing,0.0,0.0
